game_id,game_name,game_url,game_channel
067,Devil World,https://www.youtube.com/watch?v=pvxiXETDTyg,World of Longplays
368,Ultima  Questofthe Avatar,https://www.youtube.com/watch?v=lPeu838QpoE,World of Longplays
166,Hu ngd   Zhu'l zh  Zh'n,,
114,Faxanadu,https://www.youtube.com/watch?v=HutD8ZXZucY,World of Longplays
055,Circus Caper,https://www.youtube.com/watch?v=ABhiSHe5ayg,World of Longplays
384,Wit's,https://www.youtube.com/watch?v=yR8_32dQyXU,World of Longplays
260,Pac  Mania,https://www.youtube.com/watch?v=rBIXFFBGGVM,World of Longplays
096,Exciting Basket,https://www.youtube.com/watch?v=P1JMdEG87Wk,World of Longplays
380,Waron Wheels,https://www.youtube.com/watch?v=FLsFM1B51mw,我愛你Ice Jacket
274,'R'C  Pro  Am,https://www.youtube.com/watch?v=k20OCQwwhiI,World of Longplays
063,Deathbots,https://www.youtube.com/watch?v=dcRRzIlmNmk,Runplays in HD
068,Dezaemon,https://www.youtube.com/watch?v=HTfhlxo8iDs,World of Longplays
297,Sky Kid,https://www.youtube.com/watch?v=JNCGoG6n4vs,World of Longplays
354,Thexder,https://www.youtube.com/watch?v=HZhlaeOZ7QI,GameplayUploaded
082,Dr  Mario,https://www.youtube.com/watch?v=IHXdtKEHDNU,World of Longplays
062,Deadly Towers,https://www.youtube.com/watch?v=Q10_Qgm8TiQ,World of Longplays
211,M82 Game Selectable Working Product Display,https://www.youtube.com/watch?v=bw4O4RFFdLI,Retro Opening Games
305,Spartan X2,https://www.youtube.com/watch?v=GtBES8WiR5I,World of Longplays
113,Fantasy ZoneII  The Teardropof Opa  Opa,https://www.youtube.com/watch?v=VVphP9kukhg,World of Longplays
135,Ganbare Goemon Gaiden2  Tenkano Zaih,https://www.youtube.com/watch?v=uYOCnRPbpzg,ShiryuGL
138,Gargoyle's QuestII,https://www.youtube.com/watch?v=chUNONy84y8,World of Longplays
257,Over Horizon,https://www.youtube.com/watch?v=5Q9cNdHDuY0,World of Longplays
234,Metro  Cross,https://www.youtube.com/watch?v=tyTHqUgqu3k,World of Longplays
399,Yume Koujou  Doki Doki Panic,https://www.youtube.com/watch?v=Px3KTewBGrA,World of Longplays
245,Moon Crystal,https://www.youtube.com/watch?v=G0Hkpc0h_gw,World of Longplays
141,Ghostbusters,https://www.youtube.com/watch?v=Yy4yKNqKVos,World of Longplays
340,Tetris,https://www.youtube.com/watch?v=-FAzHyXZPm0,World of Longplays
361,Transformers  Convoyno Nazo,https://www.youtube.com/watch?v=uWjmkk5H9PE,World of Longplays
388,Wizards amp  Warriors,https://www.youtube.com/watch?v=DS7Cm9Rdymw,World of Longplays
404,Zippy Race,https://www.youtube.com/watch?v=0OUQMS099cM,World of Longplays
205,Les Chevaliersdu Zodiaque  La Legended  Or,https://www.youtube.com/watch?v=VVqHDWAo-J8,World of Longplays
265,Poker'J ngl ng,,
130,Fridaythe13th,https://www.youtube.com/watch?v=qIK0-ndNpdw,World of Longplays
048,Chack'n Pop,https://www.youtube.com/watch?v=qOUWA3W3EFA,World of Longplays
001,1942,https://www.youtube.com/watch?v=bupAR6Rbn3I,World of Longplays
057,Clu Clu Land,https://www.youtube.com/watch?v=mWQH6IfUefE,World of Longplays
225,Mega Man2,https://www.youtube.com/watch?v=KvkHhpz2FrY,World of Longplays
197,Kujaku OuII,https://www.youtube.com/watch?v=wL44YoIJRHg,Coulthard's Channel
249,Nazono Murasamejou,https://www.youtube.com/watch?v=xx0Ij2BTZSY,World of Longplays
400,Yuu Maze,https://www.youtube.com/watch?v=py0LCtroO7g,World of Longplays
372,Vs  Balloon Fight,https://www.youtube.com/watch?v=mtrW_WcO0_8,World of Longplays
344,The GooniesII,https://www.youtube.com/watch?v=Ck_k7UixOFg,World of Longplays
161,Hiryuno KenII  Dragonno Tsubasa,https://www.youtube.com/watch?v=O4SLD-ZX40c,World of Longplays
362,Twin Bee,https://www.youtube.com/watch?v=AUM4yuR0DEw,World of Longplays
318,Super Donkey Kong,https://www.youtube.com/watch?v=C_PrG8P5W8o,World of Longplays
316,Super Arabian,https://www.youtube.com/watch?v=qtr4qlD1COU,World of Longplays
006,Adam amp  Eve,https://www.youtube.com/watch?v=nmlsfPw_qaI,World of Longplays
053,Choujin Sentai Jetman,https://www.youtube.com/watch?v=hlwq8CPut04,World of Longplays
163,HittheIce,https://www.youtube.com/watch?v=wPx5Ve8BMmc,World of Longplays
378,Wai Wai World2'S'O'S   Parsley Jou,https://www.youtube.com/watch?v=E5mscVQrdAY,arronmunroe
034,Blaster Master,https://www.youtube.com/watch?v=2STUx_9bkB4,World of Longplays
333,Tama amp  Friends'3 Choume Daibouken,https://www.youtube.com/watch?v=bwoIuVrPy9I,RETRO-ROCK
054,Chuka Taisen,https://www.youtube.com/watch?v=yeqUEKJ20gw,World of Longplays
037,Booby Kids,https://www.youtube.com/watch?v=vBRKZR79ngA,World of Longplays
292,Shatterhand,https://www.youtube.com/watch?v=R1VCf_pDSKY,World of Longplays
199,Labyrinth  Maouno Meikyu,https://www.youtube.com/watch?v=X4nP2JeNjmE,World of Longplays
090,Dragon WarriorIII,https://www.youtube.com/watch?v=g3he_rH_JQo,World of Longplays
393,Yoshi,https://www.youtube.com/watch?v=P-DQ-bZmzBA,World of Longplays
125,Flying Dragon  The Secret Scroll,https://www.youtube.com/watch?v=ByY88RLUBDY,World of Longplays
126,Flying Hero,https://www.youtube.com/watch?v=MIOT0kMbVVs,World of Longplays
153,Gyromite,https://www.youtube.com/watch?v=I0t3WKe-zGY,Media Pool
237,Mighty Bomb Jack,https://www.youtube.com/watch?v=Ghm8gBsvLOY,World of Longplays
345,The Guardian Legend,https://www.youtube.com/watch?v=ImwZBSo8Rvo,World of Longplays
027,Batman  TheVideo Game,https://www.youtube.com/watch?v=Qr0RSz-HPIw,World of Longplays
241,Miracle Ropit's Adventurein2100,https://www.youtube.com/watch?v=rlY__MvVPF8,World of Longplays
219,Mappy,https://www.youtube.com/watch?v=vcxSf1cEL6M,World of Longplays
110,Famista,https://www.youtube.com/watch?v=-gMIn5vDf2E,30-30 Club - Baseball Video Game Encyclopedia
030,Binary Land,https://www.youtube.com/watch?v=0GQM8KBIN_8,World of Longplays
003,720,https://www.youtube.com/watch?v=QEbr9CW8MdE,World of Longplays
329,Sword Master,https://www.youtube.com/watch?v=_GSfLqJUcOM,World of Longplays
370,Valkyrieno Bouken  Tokino Kagi Densetsu,https://www.youtube.com/watch?v=y1MjuBqoNCs,我愛你Ice Jacket
243,Monsterinmy Pocket,https://www.youtube.com/watch?v=4nxBLapcvgw,World of Longplays
160,Hiryuno KenIII'5 Ninno Ryu Senshi,https://www.youtube.com/watch?v=EbBGx5EJ1Q8,Paladín Amatista
145,Golgo13  Top Secret Episode,https://www.youtube.com/watch?v=qMuDiI9X8q4,World of Longplays
081,Dr  Jekylland Mr  Hyde,https://www.youtube.com/watch?v=BrX_r68VUzQ,World of Longplays
387,Wizardry  Proving Groundsof The Mad Overlord,https://www.youtube.com/watch?v=bUffFSY5QUw,IndieGamerRetro
070,Dig DugII,https://www.youtube.com/watch?v=edE61iy1SJQ,World of Longplays
146,Gomoku Narabe Renju,https://www.youtube.com/watch?v=8NRQvEyzjII,World of Longplays
080,Double Dribble,https://www.youtube.com/watch?v=gw7poSD0adg,World of Longplays
007,After Burner,https://www.youtube.com/watch?v=m9WO9PHf3Tc,World of Longplays
170,IkariIII  The Rescue,https://www.youtube.com/watch?v=GIAZhwxIJKs,World of Longplays
129,Freedom Force,https://www.youtube.com/watch?v=kD9oYi7kT9g,World of Longplays
311,Starship Hector,https://www.youtube.com/watch?v=6gKYUSVJz8M,World of Longplays
190,King's Knight,https://www.youtube.com/watch?v=E-impmbADbA,World of Longplays
258,'P'O'W   Prisonersof War,https://www.youtube.com/watch?v=uyKP3U1824s,TerminalMontage
064,Deep DungeonII  Yuushino Monshou,https://www.youtube.com/watch?v=7CUDJyiduRE,Retro Games Archive
336,Tenchio KurauII  Shokatsu Koumei Den,https://www.youtube.com/watch?v=omxU_C_c4DE,World of Longplays
076,Donkey Kong Country4,https://www.youtube.com/watch?v=EMxWUKnh0aE,World of Longplays
169,Ice Climber,https://www.youtube.com/watch?v=3YGJLbasFDg,World of Longplays
105,Famicom Jump  Hero Retsuden,https://www.youtube.com/watch?v=fX1FYPEf2Tc,Nenriki Gaming Channel
235,Metroid,https://www.youtube.com/watch?v=JuNygTLHlm0,World of Longplays
147,Gradius,https://www.youtube.com/watch?v=xKnT_XQsFyU,World of Longplays
099,'F'1 Race,https://www.youtube.com/watch?v=kh5kOT5gcU0,World of Longplays
276,Radia Senki  Reimei Hen,https://www.youtube.com/watch?v=vJo97gOWg2k,Were1974
255,Nobunagano Yabou  Bushou Fuunroku,https://www.youtube.com/watch?v=2EKTZjV1GOI,retrocopyvideos
060,Crisis Force,https://www.youtube.com/watch?v=3cl2yizTrgQ,World of Longplays
108,Famista,https://www.youtube.com/watch?v=-gMIn5vDf2E,30-30 Club - Baseball Video Game Encyclopedia
397,YsII  Ancient YsVanished The Final Chapter,https://www.youtube.com/watch?v=u0Ku2tfwV4w,Highretrogamelord
149,Green Beret,https://www.youtube.com/watch?v=aZlFKhsyPy8,World of Longplays
065,DefenderII,https://www.youtube.com/watch?v=yvvAlr-jhBY,World of Longplays
269,Pro Yakyuu  Family Stadium,https://www.youtube.com/watch?v=naZoozrxS1I,30-30 Club - Baseball Video Game Encyclopedia
056,Circus Charlie,https://www.youtube.com/watch?v=sb6PHudZLkc,World of Longplays
398,Ys  Ancient YsVanished Omen,https://www.youtube.com/watch?v=JiOHgon9UmU,World of Longplays
261,Parodius,https://www.youtube.com/watch?v=DKVxqzDQ-Qk,World of Longplays
294,Side Pocket,https://www.youtube.com/watch?v=erE_nCRdV7I,World of Longplays
365,Uchuu Keibitai'S'D'F,https://www.youtube.com/watch?v=2TnsfGmqcLU,World of Longplays
184,Kekkyoku Nankyoku Daibouken,https://www.youtube.com/watch?v=tsfyfRjU9pE,World of Longplays
231,Metal Fighter,https://www.youtube.com/watch?v=UAiXSJ1HIms,World of Longplays
107,Famicom Yarou54,https://www.youtube.com/watch?v=hggDM-6fDss,Retro Craze
045,Castlevania,https://www.youtube.com/watch?v=yCKrE86cxQI,World of Longplays
132,Galaxian,https://www.youtube.com/watch?v=Q046OW4xdvc,World of Longplays
301,Solstice  The Questforthe Staffof Demnos,https://www.youtube.com/watch?v=ScW77tAMOgE,World of Longplays
185,Kick Master,https://www.youtube.com/watch?v=-Ihf-9FrRyU,World of Longplays
128,Formation'Z,https://www.youtube.com/watch?v=LCWBrzERxj8,World of Longplays
087,Dragon Spirit  The New Legend,https://www.youtube.com/watch?v=rOGwiRKI-ZU,World of Longplays
328,Super Xevious'G'A'M Pno Nazo,https://www.youtube.com/watch?v=BgIUHdLnR50,World of Longplays
059,Contra Force,https://www.youtube.com/watch?v=_UrECk3PoLY,World of Longplays
350,The Mafat Conspiracy,https://www.youtube.com/watch?v=x3Yakoqi3I0,World of Longplays
155,Heraclesno EikouII  Titanno Metsubou,https://www.youtube.com/watch?v=Xdf8Pdmftzo,Artimes
042,Captain TsubasaVol II  Super Striker,https://www.youtube.com/watch?v=XvOmFBTFT1w,World of Longplays
280,Road Runner,https://www.youtube.com/watch?v=DYlpgH8Pdzk,World of Longplays
167,Hudson's AdventureIsland,https://www.youtube.com/watch?v=Ly734lgeIAs,World of Longplays
020,Athena,https://www.youtube.com/watch?v=yD9rNhafCFA,World of Longplays
220,Marble Madness,https://www.youtube.com/watch?v=CvlbZwoWMgA,World of Longplays
240,Milon's Secret Castle,https://www.youtube.com/watch?v=CeG5i95291A,World of Longplays
373,Vs  Clu Clu Land,https://www.youtube.com/watch?v=DBDHe5EiMc8,Freidan
259,Pac  Man,https://www.youtube.com/watch?v=DxFjFS-idYk,World of Longplays
293,Shinobi,https://www.youtube.com/watch?v=JkZEj5p0aog,World of Longplays
405,Zombie Nation,https://www.youtube.com/watch?v=Vf3ZBHyGbcc,World of Longplays
144,Ginga Denshou  Galaxy Odyssey,https://www.youtube.com/watch?v=tOW9T8Afxpc,Japanspel
371,Vegas Dream,https://www.youtube.com/watch?v=OE6WGj9pySA,World of Longplays
236,Mickey Mousecapade,https://www.youtube.com/watch?v=VQcIYr8LaYc,World of Longplays
158,Hikarino Senshi Photon  Wakusei Zoldiasno Tatakai,,
290,Seicross,https://www.youtube.com/watch?v=5H5q6hWa0Go,World of Longplays
310,Star Wars  The Empire Strikes Back,https://www.youtube.com/watch?v=bxxEAgDHgKc,World of Longplays
214,Madoolano Tsubasa,https://www.youtube.com/watch?v=Py9Xy4krV_o,World of Longplays
168,Hydlide3  Yami Karano Houmonsha,https://www.youtube.com/watch?v=g2LiaCZayew,DE's Arcade
014,Argus,https://www.youtube.com/watch?v=OTLp349Xppw,World of Longplays
173,Ikki,https://www.youtube.com/watch?v=DN_YfjtzFC8,World of Longplays
306,Spelunker,https://www.youtube.com/watch?v=mxsfDNxqSKM,World of Longplays
298,Solar Jetman  Huntforthe Golden Warpship,https://www.youtube.com/watch?v=Kl8_kgVt_mA,Media Pool
402,Zeldano Densetsu,https://www.youtube.com/watch?v=m-DVpDh_tko,World of Longplays
394,Yoshi's Cookie,https://www.youtube.com/watch?v=P-DQ-bZmzBA,World of Longplays
178,Ironsword  Wizards amp  WarriorsII,https://www.youtube.com/watch?v=p80BHp3qfAs,World of Longplays
283,Robocop,https://www.youtube.com/watch?v=jt2hg1hlRb4,World of Longplays
028,Battle City,https://www.youtube.com/watch?v=DfixqYPonHw,World of Longplays
287,'S'C'A'T   Special Cybernetic Attack Team,,
049,Challenger,https://www.youtube.com/watch?v=Ec_-q4Kyme4,World of Longplays
005,Abadox  The DeadlyInner War,https://www.youtube.com/watch?v=lEpiGnTSuTE,World of Longplays
346,The Jungle Book,https://www.youtube.com/watch?v=ff3fjUCCVac,World of Longplays
089,Dragon WarriorII,https://www.youtube.com/watch?v=d4NsE4tpb6k,World of Longplays
073,Donkey Kong,https://www.youtube.com/watch?v=C_PrG8P5W8o,World of Longplays
050,Chaos World,https://www.youtube.com/watch?v=UYwXlq3j2Us,Runplays in HD
086,Dragon Fighter,https://www.youtube.com/watch?v=_Hxx5IDtUyU,World of Longplays
026,Batman  Returnof The Joker,https://www.youtube.com/watch?v=p1Ivxnpbd5Y,World of Longplays
339,Tetris,https://www.youtube.com/watch?v=-FAzHyXZPm0,World of Longplays
191,Kirby's Adventure,https://www.youtube.com/watch?v=rJXM4EPbPe0,World of Longplays
123,Fire nIce,https://www.youtube.com/watch?v=r7zvp9qRY0M,World of Longplays
023,Balloon Fight,https://www.youtube.com/watch?v=mtrW_WcO0_8,World of Longplays
246,Mother,https://www.youtube.com/watch?v=xTonuqUL_MU,NintendoComplete
360,Track amp  Field,https://www.youtube.com/watch?v=zYnVliJN-eo,NintendoComplete
390,Xevious,https://www.youtube.com/watch?v=Io2AADdwATY,World of Longplays
233,Metal Max,https://www.youtube.com/watch?v=X_UU8f7twa8,TASVideosChannel
358,Town amp  CountryII  Thrilla's Surfari,https://www.youtube.com/watch?v=0zwTEYnmKLg,World of Longplays
347,The Karate Kid,https://www.youtube.com/watch?v=ym8XIP4jUgI,World of Longplays
176,Insector'X,https://www.youtube.com/watch?v=E_EDgM_4Zjs,World of Longplays
151,Gumshoe,https://www.youtube.com/watch?v=Ks4ploxr_To,AceMoon Gaming Channel
224,Mega Man,https://www.youtube.com/watch?v=2sKcjUjbPr4,World of Longplays
226,Mega Man3,https://www.youtube.com/watch?v=3apcIT1rGzE,World of Longplays
210,Low'G Man  The Low Gravity Man,https://www.youtube.com/watch?v=0AiYWvF-E7I,World of Longplays
204,Lemmings,https://www.youtube.com/watch?v=ogCdw8be4ms,World of Longplays
247,Ms  Pac  Man,https://www.youtube.com/watch?v=807P-DT7AZ4,World of Longplays
017,Arm Wrestling,https://www.youtube.com/watch?v=RlOZcZLb4So,HIDEFACES
288,Saint Seiya  Ougon Densetsu,https://www.youtube.com/watch?v=VVqHDWAo-J8,World of Longplays
186,KidIcarus,https://www.youtube.com/watch?v=dz8L-_MpzSM,World of Longplays
223,Maxi15,https://www.youtube.com/watch?v=0YigOdkyY5Q,World of Longplays
038,Bubble Bobble,https://www.youtube.com/watch?v=ij3f4_APEow,World of Longplays
377,Vs  Raidon Bungeling Bay,https://www.youtube.com/watch?v=YZudVNf7hN0,World of Longplays
322,Super Mario Bros,https://www.youtube.com/watch?v=rc62hFksKo4,World of Longplays
154,Happily Ever After,https://www.youtube.com/watch?v=yirYvwEKAtY,World of Longplays
296,Sky Destroyer,https://www.youtube.com/watch?v=eyfK6jkvBh4,World of Longplays
355,Tiger  Heli,https://www.youtube.com/watch?v=0ZhplpaK2vU,World of Longplays
227,Mega Man4,https://www.youtube.com/watch?v=Z8v_aLnf9Iw,World of Longplays
025,Batman Returns,https://www.youtube.com/watch?v=v0IcqoI0d78,World of Longplays
299,Solitaire,https://www.youtube.com/watch?v=nJQhIwt37n0,World of Longplays
075,Donkey Kong3,https://www.youtube.com/watch?v=sVJE4czZF0I,World of Longplays
000,,https://www.youtube.com/watch?v=RQ6hgzzk_o8,World of Longplays
011,Aliens  Alien2,https://www.youtube.com/watch?v=U0tLZbhlzcs,World of Longplays
386,Wizardry  Knightof Diamonds  The Second Scenario,https://www.youtube.com/watch?v=bHVGOtuzy0E,Were1974
383,Wily amp  Rightno Rock Board  That's Paradise,,
195,Konami Wai Wai World,https://www.youtube.com/watch?v=nxhwIPPCQeY,World of Longplays
218,Maniac Mansion,https://www.youtube.com/watch?v=9EU0Ml28keg,World of Longplays
162,Hiryuno Ken Special  Fighting Wars,https://www.youtube.com/watch?v=O4SLD-ZX40c,World of Longplays
381,Warpman,https://www.youtube.com/watch?v=IT3VdD8rto8,Nenriki Gaming Channel
385,WizardryII  LlylgamynnoIsan,https://www.youtube.com/watch?v=Kdb62B_yxdQ,The Mexican Runner
376,Vs  Hogan's Alley,https://www.youtube.com/watch?v=3RZdbIvW3LI,World of Longplays
331,Taito Chase'H'Q,https://www.youtube.com/watch?v=5NjhQq4UKBY,Mike Shade
203,Legacyof The Wizard,https://www.youtube.com/watch?v=Y_yWLyQb19Q,NintendoComplete
094,Elevator Action,https://www.youtube.com/watch?v=MdFBiauF7w4,World of Longplays
066,Destinyofan Emperor,https://www.youtube.com/watch?v=HMEDr7Wo9vE,World of Longplays
369,'V'S  Ninja Ja Ja Maru kun,https://www.youtube.com/watch?v=qWVAkjw0AXw,World of Longplays
120,Final Mission,https://www.youtube.com/watch?v=9mBexyEiuLs,World of Longplays
277,RainbowIslands  The Storyof Bubble Bobble2,https://www.youtube.com/watch?v=rZG3gNE4ONY,World of Longplays
271,Puzznic,https://www.youtube.com/watch?v=AHhrcfCni_U,World of Longplays
367,Ultima  Exodus,https://www.youtube.com/watch?v=HVx7sh1r_ko,World of Longplays
032,Bio Senshi Dan Increasertono Tatakai,https://www.youtube.com/watch?v=VSGnn_w69H0,World of Longplays
033,Blackjack,https://www.youtube.com/watch?v=MHxvbqjKz1Q,World of Longplays
272,Quarth,https://www.youtube.com/watch?v=rmN5aQlUtaQ,World of Longplays
174,Image Fight,https://www.youtube.com/watch?v=fOc665FGVu8,World of Longplays
330,'T'M Network  Livein Power Bowl,https://www.youtube.com/watch?v=7B0Pwvyuqow,This Is Where You Find Baseball
351,The Panda Prince,https://www.youtube.com/watch?v=Y6vz1_J5ftU,World of Longplays
058,Contra,https://www.youtube.com/watch?v=qXcVojj2GXk,World of Longplays
095,Excitebike,https://www.youtube.com/watch?v=fRgMCtaWoSU,World of Longplays
137,Ganso Saiyuuki  Super Monkey Daibouken,https://www.youtube.com/watch?v=7ox9KtuWG_w,World of Longplays
124,Fleet Commander,https://www.youtube.com/watch?v=7zuYcgUDVmQ,SmartWargames
327,Super Star Force  Jikuurekino Himitsu,,
239,Millipede,https://www.youtube.com/watch?v=5JdTOo4FGOw,World of Longplays
085,Dragon BusterII  Yamino Fuuin,https://www.youtube.com/watch?v=A5cSOt5aEXk,The VideoGames Museum
343,The Goonies,https://www.youtube.com/watch?v=DTDZcYt2PPE,World of Longplays
069,Dig Dug,https://www.youtube.com/watch?v=edE61iy1SJQ,World of Longplays
395,Youkai Douchuuki,https://www.youtube.com/watch?v=UHuf1QDxb24,World of Longplays
285,Route16 Turbo,https://www.youtube.com/watch?v=FAuDJKM-3U8,The VideoGames Museum
052,Choplifter,https://www.youtube.com/watch?v=CxI5tom2xCA,World of Longplays
106,Famicom Mukashi Banashi  Shin Onigashima,https://www.youtube.com/watch?v=oncHpxSmCZw,IGN
282,Robo Warrior,https://www.youtube.com/watch?v=fWYK0Vzv654,World of Longplays
040,Burger Time,https://www.youtube.com/watch?v=TcPXTwXKkSE,World of Longplays
009,Aighinano Yogen  Balubaloukno Densetsu Yori,,
134,Ganbare Goemon2,https://www.youtube.com/watch?v=OH32cMPKiLo,World of Longplays
335,Tecmo Cup Soccer Game,https://www.youtube.com/watch?v=rFv-nT9Pyyc,NintendoComplete
302,Somari,https://www.youtube.com/watch?v=Ayfic62fDrA,World of Longplays
363,Twin Bee3  Poko Poko Daimaou,https://www.youtube.com/watch?v=NBKcUIwII_k,World of Longplays
156,Higemaru Makaijima  Nanatsuno Shima Daibouken,https://www.youtube.com/watch?v=Be4pJzfhVkM,authorblues
193,Klax,https://www.youtube.com/watch?v=87aYodm-su8,World of Longplays
071,Digital Devil Story  Megami Tensei,https://www.youtube.com/watch?v=EHR4UFHvzVs,ShiryuGL
072,Don Doko Don,https://www.youtube.com/watch?v=72Q-30O8YYs,World of Longplays
088,Dragon Warrior,https://www.youtube.com/watch?v=jmzHrNVelL0,World of Longplays
207,Little Red Hood,https://www.youtube.com/watch?v=SFOaYGSN7fE,World of Longplays
181,Kaino Bouken  The Questof Ki,https://www.youtube.com/watch?v=f4MqcuSKqAQ,The VideoGames Museum
010,Alien Syndrome,https://www.youtube.com/watch?v=vfnFlKPh5zw,World of Longplays
303,Space Harrier,https://www.youtube.com/watch?v=XAvsVEiwVhg,World of Longplays
375,Vs  Excitebike,https://www.youtube.com/watch?v=fRgMCtaWoSU,World of Longplays
278,Renegade,https://www.youtube.com/watch?v=flfni9wyytI,World of Longplays
379,Wardnerno Mori,https://www.youtube.com/watch?v=ZoPbj0QwqVU,Drebin
250,Ninja Gaiden,https://www.youtube.com/watch?v=DIcOjUaf5P8,World of Longplays
046,CastlevaniaIII  Dracula's Curse,https://www.youtube.com/watch?v=hFFKAl2A898,World of Longplays
044,Castleof Dragon,https://www.youtube.com/watch?v=cOAVmOMXl0g,World of Longplays
268,Power Blade2,https://www.youtube.com/watch?v=Y33gNed17ug,World of Longplays
304,Space Hunter,https://www.youtube.com/watch?v=PAxRfd-cH2s,World of Longplays
273,'R'B'I  Baseball,https://www.youtube.com/watch?v=BU6Rp1FSZDo,World of Longplays
148,GradiusII,https://www.youtube.com/watch?v=Dwxi83a7luQ,World of Longplays
366,Ufouria  The Saga,https://www.youtube.com/watch?v=RDkyeWFv_yI,World of Longplays
215,Magician,https://www.youtube.com/watch?v=p_h0myFw7NI,NintendoComplete
188,Kidou Senshi'Z  Gundam  Hot Scramble,https://www.youtube.com/watch?v=LzFQ8NJlaTk,RndStranger
396,YsIII  Wanderersfrom Ys,https://www.youtube.com/watch?v=97XMk6z80b0,World of Longplays
111,Fantasy Zone,https://www.youtube.com/watch?v=wCG4mJPb-NY,World of Longplays
015,Arkanoid,https://www.youtube.com/watch?v=Th-Z6QQ5AOQ,World of Longplays
202,Lawn Mower,https://www.youtube.com/watch?v=ODkh9KJ1Q30,JohnX895
248,Musashino Ken  Tadaima Shugyou Chuu,,
403,Zhong Guo Xiang Qi,https://www.youtube.com/watch?v=WPTIEA5b874,Andrew Gamer
217,Majou DensetsuII  Daimashikyou Galious,https://www.youtube.com/watch?v=FDeUrh0iKDw,TASVideosChannel
348,The Legendof Zelda,https://www.youtube.com/watch?v=RQ6hgzzk_o8,World of Longplays
314,Summer Carnival,https://www.youtube.com/watch?v=nfY79-3AdGY,World of Longplays
291,Shadowofthe Ninja,https://www.youtube.com/watch?v=KYzg8TO2WLk,World of Longplays
177,Iron Tank  TheInvasionof Normandy,https://www.youtube.com/watch?v=4rqpDvXUXzE,World of Longplays
041,Caesar's Palace,https://www.youtube.com/watch?v=xtQowKzRjOA,World of Longplays
142,Ghosts'n Goblins,https://www.youtube.com/watch?v=5ZgqugtReso,World of Longplays
364,Twin Cobra,https://www.youtube.com/watch?v=wAefVLJWlPQ,World of Longplays
140,Getsu Fuuma Den,https://www.youtube.com/watch?v=5VuU2rvPmGI,World of Longplays
136,Ganbare Goemon  Karakuri Douchuu,https://www.youtube.com/watch?v=FMDJ7k99c7U,World of Longplays
047,CastlevaniaII  Simon's Quest,https://www.youtube.com/watch?v=U1VNQRQ6wfc,World of Longplays
326,Super Pitfall,https://www.youtube.com/watch?v=Vud0DRdAxco,World of Longplays
179,Journeyto Silius,https://www.youtube.com/watch?v=5_Ztsa5mzA0,World of Longplays
216,Mahjong,https://www.youtube.com/watch?v=4_dC7xmBQ3E,Old Classic Retro Gaming
389,Wrecking Crew,https://www.youtube.com/watch?v=vCF40ee11JQ,World of Longplays
317,Super'C,https://www.youtube.com/watch?v=Tiv9hl_vxfk,World of Longplays
109,Famista,https://www.youtube.com/watch?v=-gMIn5vDf2E,30-30 Club - Baseball Video Game Encyclopedia
100,Falsion,https://www.youtube.com/watch?v=s4RON5j77YY,World of Longplays
043,Castelian,https://www.youtube.com/watch?v=YWN7znU09O4,World of Longplays
172,Ikari WarriorsII Victory Road,https://www.youtube.com/watch?v=Nl8SB9fHLB8,Longplay Center 
119,Final FantasyIII,https://www.youtube.com/watch?v=T9F8jlUcMx0,World of Longplays
061,Dark Lord,https://www.youtube.com/watch?v=qVC4RDqWmf8,Andrey Panchenko
198,Kung Fu,https://www.youtube.com/watch?v=B-gyVEqS1Ts,World of Longplays
127,Flying Warriors,https://www.youtube.com/watch?v=Pj98h-moqKU,World of Longplays
164,Hogan's Alley,https://www.youtube.com/watch?v=3RZdbIvW3LI,World of Longplays
332,Takeshino Chousenjou,https://www.youtube.com/watch?v=rlVAmMw99L4,TASVideosChannel
118,Final FantasyII,https://www.youtube.com/watch?v=zENBscPiExo,World of Longplays
180,Joust,https://www.youtube.com/watch?v=7nj8NqsPEec,World of Longplays
262,Penguin  Kun Wars,https://www.youtube.com/watch?v=g9lfRs48lGE,World of Longplays
324,Super Mario Bros'3,https://www.youtube.com/watch?v=7i9omPUt9iQ,World of Longplays
321,Super Lode Runner,https://www.youtube.com/watch?v=jTbH25YNxE4,World of Longplays
159,Hino Tori Hououhen  Gaouno Bouken,https://www.youtube.com/watch?v=4usfBOmzlBE,World of Longplays
275,Rad Racer,https://www.youtube.com/watch?v=V6ngD3ZC1z8,World of Longplays
319,Super Gun,https://www.youtube.com/watch?v=5QJiI6LSZeE,World of Longplays
284,Rolling Thunder,https://www.youtube.com/watch?v=btfRSbSqyhs,World of Longplays
093,Duck Tales,https://www.youtube.com/watch?v=zYuqB2BPkz4,World of Longplays
084,Dragon Buster,https://www.youtube.com/watch?v=EX3Ca28mJdM,World of Longplays
008,After BurnerII,https://www.youtube.com/watch?v=9xdT2nVpm6A,World of Longplays
401,ZeldaII  The Adventureof Link,https://www.youtube.com/watch?v=LY-YryVEXZQ,World of Longplays
091,Dragon WarriorIV,https://www.youtube.com/watch?v=I2iWoXNK5VQ,World of Longplays
165,Holy Diver,https://www.youtube.com/watch?v=_qs3e9k3dWc,World of Longplays
187,Kid Niki  Radical Ninja,https://www.youtube.com/watch?v=wCEZkLcKrEk,World of Longplays
192,Kiwi Kraze,https://www.youtube.com/watch?v=EQjXPt8VZGE,World of Longplays
183,Karnov,https://www.youtube.com/watch?v=lhbPHg21Bzo,World of Longplays
098,Exerion,https://www.youtube.com/watch?v=YPRiwD11-OU,World of Longplays
101,Famicom Box,https://www.youtube.com/watch?v=UDuFDlAZpZY,World of Longplays
295,Silver Surfer,https://www.youtube.com/watch?v=ZGGCYpggiDM,World of Longplays
256,Operation Wolf,https://www.youtube.com/watch?v=H-0WGRf1gEw,World of Longplays
104,Famicom JumpII  Saikyono7 nin,https://www.youtube.com/watch?v=gKLOLV2wMjk,PONG16
315,Sunday Funday,https://www.youtube.com/watch?v=ChPe7MUIPr4,World of Longplays
263,Phantom Fighter,https://www.youtube.com/watch?v=moxOU2fihpg,NintendoComplete
213,Mach Rider,https://www.youtube.com/watch?v=2PbcQhhZfHo,Nenriki Gaming Channel
267,Pooyan,https://www.youtube.com/watch?v=idOTkCh3jbc,World of Longplays
029,Battleship,https://www.youtube.com/watch?v=F1xL8fAAhFU,Game Destroyer
242,Mississippi Satsujin Jiken,https://www.youtube.com/watch?v=LBs_hx0XKwE,World of Longplays
097,Exed Exes,https://www.youtube.com/watch?v=b5uz_yC_F2o,World of Longplays
300,Solomon's Key,https://www.youtube.com/watch?v=eMFg_BKZMzQ,World of Longplays
342,The Flintstones  The Surpriseat Dinosaur Peak,https://www.youtube.com/watch?v=lDATMqD9XZ8,World of Longplays
022,Babelno Tou,https://www.youtube.com/watch?v=v_5mXJ1fQow,World of Longplays
121,Fire Emblem Gaiden,https://www.youtube.com/watch?v=tb-5VWJ7hek,World of Longplays
196,Kujaku Ou,https://www.youtube.com/watch?v=ZgQz6rmttEQ,World of Longplays
238,Mike Tyson's Punch  Out,https://www.youtube.com/watch?v=rcJneBFV9cI,World of Longplays
334,Target  Renegade,https://www.youtube.com/watch?v=7ok7no6TLPk,World of Longplays
391,Yie Ar Kung Fu,https://www.youtube.com/watch?v=2n3ZzHTGBzI,World of Longplays
103,Famicom Grand PrixII'3'D Hot Rally,https://www.youtube.com/watch?v=mFc2PpToqGk,World of Longplays
313,Strider,https://www.youtube.com/watch?v=rs2Q-_8zuAU,World of Longplays
201,Lan Master,https://www.youtube.com/watch?v=Z6cx34Kbkig,DolmaKalem
222,Marusano Onna,https://www.youtube.com/watch?v=8P6yNsfWdgI,Runplays in HD
289,Saint Seiya  Ougon Densetsu Kanketsu Hen,https://www.youtube.com/watch?v=lcVV-AnEbYc,World of Longplays
039,Burai Fighter,https://www.youtube.com/watch?v=mCC1_pEPf14,World of Longplays
266,Poolof Radiance,https://www.youtube.com/watch?v=7j3Co_obP2I,Vizzed Gameplay Videos
209,Lot Lot,https://www.youtube.com/watch?v=Hg-PIGZnNaY,P82Gaming | Nguyễn Minh Phúc
341,The Flintstones  The Rescueof Dino amp  Hoppy,https://www.youtube.com/watch?v=nFcbSjmzm5M,World of Longplays
325,Super Mario World,https://www.youtube.com/watch?v=gZnl4eyu_Ao,World of Longplays
229,Mega Man6,https://www.youtube.com/watch?v=STlxjFnKh-o,World of Longplays
189,King Kong2 Ikarino Megaton Punch,https://www.youtube.com/watch?v=aGy5gBKfrKI,Nenriki Gaming Channel
286,Rygar,https://www.youtube.com/watch?v=_DmaMbJfIaQ,World of Longplays
175,Indiana Jonesandthe Templeof Doom,https://www.youtube.com/watch?v=HnFM7qP4cZo,World of Longplays
133,Gall Force  Eternal Story,https://www.youtube.com/watch?v=m3cXg6xQTjQ,Cupgem
117,Final Fantasy,https://www.youtube.com/watch?v=fTdlzqhSdt8,World of Longplays
013,Alter Ego,https://www.youtube.com/watch?v=uwGXp0ovBbg,JohnX895
323,Super Mario Bros'2,https://www.youtube.com/watch?v=Izc1yLUxPIw,World of Longplays
051,Chester Field  EpisodeII Ankoku Shineno Chousen,https://www.youtube.com/watch?v=s6duzJK-tJM,Gamesレトロゲーム
228,Mega Man5,https://www.youtube.com/watch?v=tO6ZBTpxxCs,World of Longplays
308,Star Force,https://www.youtube.com/watch?v=tf4rxB2QjuY,World of Longplays
031,Bio Miracle Bokutte Upa,https://www.youtube.com/watch?v=BC3FyEYaAUQ,World of Longplays
244,Montyonthe Run  Montyno Doki Doki Daisassou,https://www.youtube.com/watch?v=Fn9j4JF6Ndc,BearorBust
194,Knight Move,https://www.youtube.com/watch?v=WunrGx2QMAY,Japanspel
012,Alpha Mission,https://www.youtube.com/watch?v=pEDFMMEZw5Q,World of Longplays
139,Genpei Toumaden  Computer Boardgame,https://www.youtube.com/watch?v=hwMjJ2tXXdM,Nenriki Gaming Channel
004,98in1,https://www.youtube.com/watch?v=_zsozFY8SXs,Mario Guevara
320,Super HI K300in1,,
374,Vs  Duck Hunt,https://www.youtube.com/watch?v=jBDNsaWiT8Q,World of Longplays
281,Robert Byrne's Pool Challenge,https://www.youtube.com/watch?v=cxZbNIjXPVk,你愛她的Little Secrets
035,Bomberman,https://www.youtube.com/watch?v=CZ9Pu9Usk5o,World of Longplays
279,Road Fighter,https://www.youtube.com/watch?v=5Q5-QNfmsbQ,World of Longplays
092,Duck Hunt,https://www.youtube.com/watch?v=jBDNsaWiT8Q,World of Longplays
264,Pinball,https://www.youtube.com/watch?v=786yrUhXVrk,World of Longplays
152,Gyrodine,https://www.youtube.com/watch?v=N8fEi-fxTMQ,World of Longplays
230,Meiky  Jiin Dababa,https://www.youtube.com/watch?v=nsEZ4w8McdQ,Justin Pfeiffer
150,Guerrilla War,https://www.youtube.com/watch?v=s5CtC5Tg4bc,World of Longplays
357,Toujin Makyou Den  Heraclesno Eikou,https://www.youtube.com/watch?v=L8-ACWPF3Wg,NES GamesDB
382,Wayne's World,https://www.youtube.com/watch?v=OkVb8HcWTGk,World of Longplays
359,Town amp  Country Surf Designs  Wood amp  Water Rage,https://www.youtube.com/watch?v=uKMkYQb5SRk,Double Jump Video Games
208,Lode Runner,https://www.youtube.com/watch?v=P4exGV-XUbQ,NintendoComplete
212,'M TV  Remote Control,https://www.youtube.com/watch?v=8gCvBmiP-aQ,World of Longplays
157,Hikari Shinwa  Palutenano Kagami,https://www.youtube.com/watch?v=dz8L-_MpzSM,World of Longplays
078,Doraemon,https://www.youtube.com/watch?v=yyWOVpMsXCI,World of Longplays
307,Star Force,https://www.youtube.com/watch?v=tf4rxB2QjuY,World of Longplays
036,BombermanII,https://www.youtube.com/watch?v=7K6Ktv6G_j0,World of Longplays
131,Galaga,https://www.youtube.com/watch?v=UPcO0HvIhkA,World of Longplays
021,Atlantisno Nazo,https://www.youtube.com/watch?v=W1nPX5zn0lY,Nenriki Gaming Channel
254,Nobunaga's AmbitionII,https://www.youtube.com/watch?v=NW1yt-f5lVY,Warrior with a Pen Games - Nathan Lusk
309,Star Soldier,https://www.youtube.com/watch?v=JHeL1xoZfPI,World of Longplays
171,Ikari Warriors,https://www.youtube.com/watch?v=bbnn6gTmfoM,Danger Meat
182,Kanshaku Tamanage Kantarouno Tokaido Gojusan Tsugi,https://www.youtube.com/watch?v=_At_OR7engk,WebNations
016,ArkanoidII,https://www.youtube.com/watch?v=Th-Z6QQ5AOQ,World of Longplays
115,Felixthe Cat,https://www.youtube.com/watch?v=jNv9-beLNGU,World of Longplays
338,Terra Cresta,https://www.youtube.com/watch?v=iOPsrZnB4h4,World of Longplays
024,Baseball,https://www.youtube.com/watch?v=Abv3xQ6-mVk,World of Longplays
079,Double DragonIII  The Sacred Stones,https://www.youtube.com/watch?v=Z5JvB3qpTZ0,World of Longplays
353,The Towerof Druaga,https://www.youtube.com/watch?v=LdNGOARBDJ0,World of Longplays
018,Arumanano Kiseki,https://www.youtube.com/watch?v=Xbe_VCYrWJY,World of Longplays
392,Yo  Noid,https://www.youtube.com/watch?v=zb6HXDxwPJM,World of Longplays
077,Donkey Kong Jr,https://www.youtube.com/watch?v=mpO562WRLCg,World of Longplays
116,Felixthe Cat,https://www.youtube.com/watch?v=jNv9-beLNGU,World of Longplays
252,Nintendo World Championships1990,https://www.youtube.com/watch?v=RSGYz08Fzgw,World of Longplays
206,Life Force,https://www.youtube.com/watch?v=1-I6knJxiNo,World of Longplays
270,Punch  Out,https://www.youtube.com/watch?v=rcJneBFV9cI,World of Longplays
356,Timesof Lore,https://www.youtube.com/watch?v=zN_dOx-Lsag,我愛你Ice Jacket
251,Ninja Hattori kun,https://www.youtube.com/watch?v=GoSxY1_raQU,World of Longplays
221,Mario Bros,https://www.youtube.com/watch?v=7qirrV8w5SQ,World of Longplays
122,Fire Emblem  Ankoku Ryuto Hikarino Tsurugi,https://www.youtube.com/watch?v=tb-5VWJ7hek,World of Longplays
253,Nobunaga's Ambition,https://www.youtube.com/watch?v=NW1yt-f5lVY,Warrior with a Pen Games - Nathan Lusk
002,1943  The Battleof Midway,https://www.youtube.com/watch?v=sBV5PaRfrSo,World of Longplays
232,Metal Gear,https://www.youtube.com/watch?v=NJPVTylzt80,World of Longplays
312,Stinger,https://www.youtube.com/watch?v=UHufyvzRhiU,World of Longplays
083,DraculaII  Noroino Fuuin,https://www.youtube.com/watch?v=MSUsE2dBMmk,World of Longplays
